# Road distances in km from great-circle distance x 1.35, nearest-4 per station.
from_id,to_id,distance_km
0,1,2.64
0,5,2.32
0,46,2.96
0,74,1.26
1,5,3.75
1,18,0.87
1,73,1.39
1,74,1.39
2,82,1.35
2,84,2.49
2,156,2.72
2,163,2.53
3,19,3.09
3,49,3.13
3,52,3.27
3,55,2.40
3,119,1.59
4,176,2.20
4,186,1.75
4,189,0.50
4,190,0.51
5,74,2.69
5,215,2.70
6,10,2.69
6,21,2.12
6,180,1.75
6,183,2.17
7,15,0.24
7,21,1.42
7,46,1.69
7,173,1.15
8,29,2.31
8,99,5.36
8,178,4.22
8,201,2.77
9,58,6.19
9,60,1.47
9,89,8.09
9,153,5.81
9,188,2.34
9,233,9.31
10,20,2.12
10,179,1.49
10,182,2.05
10,183,1.97
11,27,3.04
11,116,2.99
11,120,3.11
11,193,2.48
12,34,0.76
12,109,3.65
12,151,5.95
12,209,5.68
13,90,0.38
13,102,3.02
13,149,4.83
13,150,1.65
14,69,4.86
14,147,1.40
14,172,0.88
14,197,3.83
14,218,4.38
15,21,1.38
15,46,1.79
15,173,1.39
15,206,2.61
16,39,0.08
16,71,5.67
16,96,1.24
16,113,12.06
16,143,4.11
17,94,7.76
17,122,6.38
17,137,7.25
17,177,7.81
17,204,7.75
18,73,1.00
18,74,2.24
18,192,3.01
19,119,2.34
19,174,3.13
19,205,3.45
19,210,5.13
20,85,2.52
20,87,2.84
20,179,0.84
20,182,0.08
20,229,15.25
21,173,1.93
21,180,1.93
22,41,0.08
22,84,1.21
22,156,2.37
22,208,0.80
22,223,2.35
23,97,6.12
23,111,4.15
23,159,4.63
23,187,4.42
23,203,4.38
23,236,10.87
24,59,0.07
24,61,0.20
24,112,0.40
24,126,0.31
24,166,1.72
24,186,1.35
25,30,6.44
25,107,7.61
25,157,3.52
25,158,1.36
25,232,10.99
26,65,4.96
26,70,1.85
26,138,0.23
26,160,4.90
27,83,2.76
27,116,2.72
27,193,2.52
28,38,1.71
28,42,2.03
28,98,3.13
28,198,1.87
28,205,2.28
29,68,3.94
29,152,5.02
29,178,5.02
29,195,4.42
29,201,0.45
30,44,5.57
30,88,5.50
30,107,1.27
30,114,3.93
30,137,4.14
30,157,6.54
30,158,6.32
30,204,8.73
31,63,7.91
31,101,6.09
31,140,10.10
31,167,6.40
31,194,6.60
31,207,5.76
32,54,8.78
32,91,3.99
32,124,3.05
32,176,5.45
32,189,6.20
33,36,3.81
33,45,3.42
33,75,2.20
33,139,0.21
33,222,3.11
34,86,6.06
34,109,3.93
34,151,6.71
34,209,4.99
34,231,18.30
35,54,2.58
35,91,9.62
35,96,8.81
35,124,7.99
35,125,13.81
36,45,3.06
36,69,4.28
36,75,2.90
36,145,3.22
37,48,2.93
37,51,2.39
37,57,2.26
37,63,3.67
37,70,6.70
38,98,2.08
38,196,1.88
38,221,1.74
38,226,1.91
39,71,5.68
39,96,1.32
39,113,12.04
39,143,4.14
40,81,8.76
40,86,4.74
40,100,6.52
40,110,4.63
40,209,2.90
40,231,16.67
41,84,1.24
41,156,2.36
41,208,0.88
41,223,2.34
42,43,0.86
42,78,0.99
42,174,2.15
42,198,0.16
42,202,2.22
42,205,3.00
43,78,1.59
43,174,1.42
43,175,2.85
43,198,0.91
43,205,2.53
44,107,4.49
44,114,2.19
44,122,7.44
44,137,4.17
45,69,4.47
45,75,1.22
45,91,3.49
45,124,7.31
45,139,3.51
45,145,3.99
46,162,0.93
46,163,1.79
46,173,1.83
47,144,2.76
47,155,2.57
47,176,2.13
47,197,2.06
48,51,3.15
48,56,4.17
48,57,1.27
48,63,4.86
48,160,2.57
49,52,1.10
49,55,0.89
49,58,3.41
49,153,3.31
49,161,5.21
49,164,4.61
50,108,0.97
50,149,4.39
50,200,3.91
50,211,5.31
51,56,3.24
51,57,3.46
51,63,1.72
52,55,1.71
52,58,2.86
52,146,5.99
52,153,3.62
53,80,4.11
53,89,7.95
53,104,3.80
53,149,4.70
53,212,5.98
53,213,7.53
53,214,4.90
54,91,8.11
54,124,5.73
54,125,14.66
54,233,9.06
55,58,4.29
55,119,2.96
56,57,5.24
56,63,3.68
57,160,1.99
58,60,5.62
58,89,8.92
58,153,2.60
59,61,0.23
59,112,0.41
59,126,0.35
59,186,1.28
60,89,6.69
60,153,5.88
60,188,3.57
60,233,9.47
61,112,0.22
61,126,0.12
61,166,1.60
61,186,1.32
62,199,0.76
62,215,1.21
62,216,2.27
62,225,2.18
64,196,2.36
64,202,1.30
64,216,1.18
64,226,2.04
65,95,2.24
65,160,2.38
65,184,2.57
65,210,5.31
65,219,2.03
66,77,2.35
66,106,2.11
66,118,2.18
66,141,4.52
66,168,2.94
67,77,3.41
67,106,3.64
67,118,3.54
67,123,4.60
67,228,10.36
68,152,4.88
68,195,4.10
68,201,3.55
68,232,13.12
69,145,1.14
70,122,7.90
70,138,1.62
70,160,6.44
71,76,0.86
71,170,0.15
71,171,2.63
71,222,3.83
72,89,10.44
72,125,11.62
72,212,9.36
72,213,9.75
72,233,6.29
72,237,12.89
73,74,2.67
73,218,2.45
75,91,3.98
75,139,2.29
75,145,4.78
76,170,0.88
76,171,1.78
76,222,2.98
77,106,0.28
77,118,0.18
77,123,8.00
77,168,2.03
77,228,12.98
78,175,2.29
78,198,1.12
78,202,1.36
79,92,5.82
79,108,4.86
79,146,2.12
79,191,4.68
79,200,2.98
80,103,3.27
80,104,0.57
80,149,4.76
80,214,2.61
81,86,10.31
81,100,3.37
81,110,10.21
81,234,17.75
82,162,2.29
82,163,1.19
82,206,2.60
82,208,2.34
83,116,1.77
83,121,1.83
83,154,0.52
83,192,1.78
83,193,2.15
84,156,1.39
84,208,1.17
84,223,1.42
85,87,0.89
85,179,3.12
85,182,2.57
85,229,13.79
86,109,5.99
86,110,0.12
86,209,2.27
86,234,16.08
87,179,3.57
87,182,2.91
87,229,12.95
88,107,5.04
88,114,5.73
88,123,6.45
88,157,6.25
88,228,10.09
90,102,2.68
90,149,5.19
90,150,1.38
91,124,3.93
92,177,4.66
92,191,2.87
92,200,5.79
93,117,0.64
93,120,1.73
93,121,0.60
93,185,0.73
93,224,0.34
94,152,7.44
94,195,7.52
94,204,8.27
95,184,3.58
95,210,3.66
95,219,1.00
96,113,12.56
96,143,4.00
96,170,5.43
97,103,6.92
97,105,2.96
97,187,3.48
97,236,6.97
98,184,2.65
98,221,2.86
99,111,3.02
99,159,2.60
99,203,2.50
99,217,7.74
100,110,9.39
100,209,8.81
101,140,15.54
101,167,0.64
101,194,3.46
101,207,0.50
102,150,1.50
102,152,6.84
103,104,3.10
103,105,4.29
103,187,6.12
103,214,1.66
104,212,8.42
104,213,9.38
104,214,2.18
105,187,2.32
105,214,5.86
105,236,9.82
106,118,0.11
106,168,1.88
107,114,2.69
107,137,4.04
107,158,7.38
108,146,5.13
108,200,3.13
108,211,5.16
109,110,6.08
109,151,5.56
110,209,2.19
110,234,16.14
111,159,0.61
111,203,0.54
111,217,5.43
111,235,13.77
112,126,0.16
112,166,1.58
112,186,1.24
113,143,8.99
114,137,4.41
115,141,3.27
115,142,0.39
115,148,1.02
115,165,3.17
115,227,8.21
115,230,14.46
116,120,0.57
116,193,0.50
116,224,1.91
117,121,0.19
117,128,1.02
117,154,1.69
117,185,0.32
117,192,1.38
117,224,0.39
118,123,8.13
118,168,1.96
119,174,2.07
120,193,0.82
120,224,1.70
121,128,1.20
121,154,1.61
121,185,0.50
121,224,0.28
122,177,8.04
123,228,7.36
125,213,17.70
126,166,1.50
127,144,0.16
127,155,0.46
127,181,0.84
127,197,1.90
128,185,0.80
128,192,1.01
129,130,0.32
129,132,0.99
129,134,0.88
129,136,1.03
130,131,0.72
130,134,0.57
130,136,0.72
131,133,0.37
131,134,0.25
131,135,0.47
131,136,0.13
132,133,0.31
132,134,0.45
132,135,0.43
132,136,0.54
132,225,1.52
133,134,0.22
133,135,0.24
133,136,0.24
134,135,0.43
134,136,0.16
135,136,0.36
135,199,1.82
135,225,1.51
137,204,5.82
138,160,5.10
138,219,5.18
139,222,3.00
140,194,14.21
140,207,15.36
141,142,2.97
141,148,2.58
141,165,0.09
141,169,4.41
141,220,4.23
142,148,1.01
142,165,2.87
142,227,8.41
144,155,0.57
144,181,0.98
144,197,1.97
146,200,4.51
147,172,1.75
147,197,2.52
147,218,3.19
148,165,2.49
148,169,3.74
148,220,4.81
148,227,9.18
149,150,6.35
151,178,4.91
152,195,0.79
152,201,4.66
153,161,3.94
153,164,2.28
153,188,4.77
154,192,1.27
155,181,0.49
155,197,1.43
156,223,0.10
157,158,2.17
158,232,12.35
159,203,0.29
159,217,5.44
159,235,14.10
160,184,3.33
161,164,1.92
161,175,4.41
162,163,1.12
162,208,2.05
163,208,2.02
164,188,4.61
165,169,4.38
165,220,4.24
165,227,11.20
167,194,2.95
167,207,1.13
169,220,2.13
169,230,14.45
170,171,2.65
170,222,3.86
171,222,1.22
172,197,4.27
172,218,4.17
174,175,2.31
174,198,2.26
175,202,2.81
176,189,2.45
176,190,2.63
177,191,6.93
177,210,7.84
178,201,5.29
179,182,0.76
179,183,1.92
180,183,1.18
180,206,2.05
181,197,1.32
181,218,2.87
182,229,15.33
183,206,2.51
184,219,4.03
185,192,1.39
185,224,0.61
186,189,2.08
186,190,1.87
187,236,10.27
189,190,0.26
191,200,3.34
191,211,3.58
193,224,2.39
194,207,3.80
195,201,4.03
196,216,1.67
196,221,1.20
196,225,1.32
196,226,0.42
197,218,3.11
198,202,2.30
198,205,2.91
199,215,1.92
199,225,1.67
200,211,3.68
203,217,5.68
203,235,14.23
204,232,8.95
210,219,3.31
212,213,1.94
212,214,7.86
212,237,8.76
213,214,8.38
213,237,6.83
214,237,13.12
215,216,3.10
216,225,1.63
216,226,1.53
217,235,9.75
221,225,1.59
221,226,1.58
225,226,1.62
227,230,12.19
230,231,12.19
231,232,14.74
234,235,14.78
