# Charging stations from OpenStreetMap, bbox -34.15,150.6,-33.55,151.35. Chargers and power are OSM tags; price is the --price assumption. Generated by tools/fetch_real_network.py.
id,name,has_station,price_per_kwh,chargers,power_kw,latitude,longitude,osm_id,operator,merged_from
0,Tesla Supercharger,1,0.55,8,22.0,-33.88293,151.19463,node/5438383393,Tesla,1
1,Station 2,1,0.55,1,22.0,-33.86829,151.20636,node/5865178390,,1
2,Tesla Destination Charger,1,0.55,1,22.0,-33.92851,151.18612,node/6305536144,,1
3,NRMA,1,0.55,2,50.0,-33.84602,151.06984,node/6595579456,NRMA,1
4,JET Charge,1,0.55,2,22.0,-33.79651,151.18337,node/6753244994,JET Charge,1
5,Tesla Supercharger #2,1,0.55,4,250.0,-33.87631,151.17784,node/6965052432,Tesla,1
6,Chargefox,1,0.55,2,22.0,-33.91381,151.23912,node/6965143040,Chargefox,1
7,Chargefox #2,1,0.55,1,22.0,-33.90537,151.21291,node/6967754081,Chargefox,1
8,Chargefox #3,1,0.55,1,22.0,-33.77084,150.84522,node/7237598406,Chargefox,1
9,Tesla Supercharger #3,1,0.55,14,22.0,-33.77815,151.12078,node/7270664150;node/9536966801,Tesla,2
10,Station 11,1,0.55,1,22.0,-33.93064,151.24647,node/7401170459,,1
11,Station 12,1,0.55,1,22.0,-33.89080,151.27627,node/7862093042,,1
12,Station 13,1,0.55,1,22.0,-33.76937,150.73525,node/8148294052,,1
13,Evie Networks,1,0.55,4,22.0,-33.76714,150.95482,node/8169947525,Evie Networks,1
14,Evie Networks #2,1,0.55,2,22.0,-33.82556,151.24143,node/8241597113,Evie Networks,1
15,Chargefox #4,1,0.55,1,22.0,-33.90699,151.21301,node/8911115310,Chargefox,1
16,Jolt,1,0.55,1,22.0,-33.67615,151.30311,node/9204398603,Jolt,1
17,Evie Networks #3,1,0.55,4,22.0,-33.89889,150.91994,node/9215252226,Evie Networks,1
18,Bell Resources,1,0.55,1,22.0,-33.86482,151.21191,node/9228911986,Bell Resources,1
19,Jolt #2,1,0.55,1,22.0,-33.86609,151.06444,node/9290610873,Jolt,1
20,Jolt #3,1,0.55,2,22.0,-33.94357,151.23970,node/9290676154,Jolt,1
21,Jolt #4,1,0.55,1,22.0,-33.90714,151.22411,node/9290676155,Jolt,1
22,Station 23,1,0.55,4,22.0,-33.90810,151.17167,node/9290790988,,1
23,Evie Networks #4,1,0.55,1,22.0,-33.70546,150.87543,node/9309912420,Evie Networks,1
24,Evie Networks #5,1,0.55,1,22.0,-33.81350,151.16927,node/9347175037,Evie Networks,1
25,Station 26,1,0.55,1,22.0,-33.95322,150.80405,node/9354339800,,1
26,Evie Networks #6,1,0.55,4,50.0,-33.93206,151.03013,node/9363608762,Evie Networks,1
27,Chargefox #5,1,0.55,2,22.0,-33.87170,151.26810,node/9378951502,Chargefox,1
28,Jolt #5,1,0.55,1,22.0,-33.88725,151.09932,node/9404724469,Jolt,1
29,Station 30,1,0.55,4,22.0,-33.78482,150.85304,node/9408923628,,1
30,Station 31,1,0.55,2,22.0,-33.95227,150.85573,node/9408929771,,1
31,Tesla Supercharger #4,1,0.55,6,22.0,-34.03382,151.07344,node/9467315676,Tesla,1
32,Jolt #6,1,0.55,1,22.0,-33.76209,151.21417,node/9481080902,Jolt,1
33,Jolt #7,1,0.55,2,22.0,-33.75373,151.28699,node/9491233549;node/13688536001,Jolt,2
34,Western Sydney University,1,0.55,2,22.0,-33.76987,150.72920,node/9514983917,Western Sydney University,1
35,Tesla Destination Charger #2,1,0.55,2,22.0,-33.68924,151.22418,node/9521361334,Hills Marketplace,1
36,Jolt #8,1,0.55,1,22.0,-33.77899,151.28387,node/9546004749,Jolt,1
37,Jolt #9,1,0.55,1,22.0,-33.96218,151.06357,node/9603490031,Jolt,1
38,Jolt #10,1,0.55,1,22.0,-33.89476,151.10968,node/9672846122,Jolt,1
39,Jolt #11,1,0.55,1,22.0,-33.67610,151.30378,node/9704706490,Jolt,1
40,Evie Networks #8,1,0.55,4,22.0,-33.77026,150.67378,node/9712774534,Evie Networks,1
41,Evie Networks #9,1,0.55,2,22.0,-33.90799,151.17107,node/9737993455,Evie Networks,1
42,Jolt #12,1,0.55,1,22.0,-33.87388,151.10194,node/9738285222,Jolt,1
43,Jolt #13,1,0.55,1,22.0,-33.87206,151.09543,node/9863000835,Jolt,1
44,Evie Networks #10,1,0.55,2,22.0,-33.94883,150.90026,node/9863034303,Evie Networks,1
45,Tesla Destination Charger #3,1,0.55,4,22.0,-33.76664,151.26441,node/9864969279,Warringah Mall,1
46,AmpCharge,1,0.55,2,22.0,-33.90213,151.19992,node/9898771270,AmpCharge,1
47,Evie Networks #11,1,0.55,2,22.0,-33.80933,151.20886,node/9916436896,Evie Networks,1
48,Jolt #14,1,0.55,1,22.0,-33.94924,151.08122,node/9953777925,Jolt,1
49,Chargefox #6,1,0.55,2,22.0,-33.83009,151.08603,node/9958152708,Chargefox,1
50,AmpCharge #2,1,0.55,2,22.0,-33.78776,150.99461,node/9965036281,AmpCharge,1
51,Jolt #15,1,0.55,1,22.0,-33.97019,151.08014,node/9996192046,Jolt,1
52,Station 54,1,0.55,3,22.0,-33.82563,151.07905,node/10007469304,,1
53,Tesla Destination Charger #4,1,0.55,3,22.0,-33.72968,151.00651,node/10007505419,,1
54,Evie Networks #12,1,0.55,4,22.0,-33.70362,151.21287,node/10035347983,Evie Networks,1
55,Station 57,1,0.55,4,22.0,-33.83596,151.08483,node/10050161556,,1
56,Jolt #16,1,0.55,1,22.0,-33.96786,151.10605,node/10091269880,Jolt,1
57,Jolt #17,1,0.55,1,22.0,-33.94844,151.07106,node/10091269881,Jolt,1
58,Jolt #18,1,0.55,1,22.0,-33.80740,151.08582,node/10091269882,Jolt,1
59,Tesla Destination Charger #5,1,0.55,1,22.0,-33.81302,151.16941,node/10095102213,,1
60,Station 62,1,0.55,6,22.0,-33.77555,151.10944,node/10136616439,,1
61,Station 63,1,0.55,4,22.0,-33.81409,151.17068,node/10177425298,,1
62,Evie Networks #13,1,0.55,4,22.0,-33.88485,151.14921,node/10180321115,Evie Networks,1
63,Jolt #19,1,0.55,1,22.0,-33.98159,151.08155,node/10196181562,Jolt,1
64,bp pulse,1,0.55,2,75.0,-33.87407,151.12675,node/10208698066,bp pulse,1
65,bp pulse #2,1,0.55,2,22.0,-33.91955,151.06695,node/10218282678,bp pulse,1
66,Chargefox #7,1,0.55,4,22.0,-34.06782,150.78896,node/10296267794;node/10314029528,Chargefox,2
67,bp pulse #3,1,0.55,2,22.0,-34.05322,150.82364,node/10563108217,bp pulse,1
68,bp pulse #4,1,0.55,2,22.0,-33.81095,150.85031,node/10590006365,bp pulse,1
69,bp pulse #5,1,0.55,4,22.0,-33.79554,151.25592,node/10607603446;node/10872527226,bp pulse,2
70,bp pulse #6,1,0.55,1,22.0,-33.93882,151.01773,node/10628109252,bp pulse,1
71,Jolt #20,1,0.55,1,22.0,-33.71368,151.29835,node/10652018665,Jolt,1
72,bp pulse #7,1,0.55,2,22.0,-33.68998,151.10613,node/10687053371,bp pulse,1
73,City of Sydney,1,0.55,2,22.0,-33.85912,151.20779,node/10708226454,City of Sydney,1
74,NRMA #2,1,0.55,1,22.0,-33.87551,151.19937,node/10720208509,NRMA,1
75,Jolt #21,1,0.55,1,22.0,-33.76210,151.27254,node/10750707216,Jolt,1
76,Jolt #22,1,0.55,1,22.0,-33.71942,151.29863,node/10750707217,Jolt,1
77,Tesla Supercharger #5,1,0.55,12,250.0,-34.07150,150.80730,node/10774220953,Tesla,1
78,Jolt #23,1,0.55,1,22.0,-33.86938,151.10776,node/10780543260,Jolt,1
79,bp pulse #8,1,0.55,4,22.0,-33.81967,151.02121,node/10807470662,bp pulse,1
80,Tesla Destination Charger #6,1,0.55,1,22.0,-33.73091,150.97359,node/10815896313,,1
81,Tesla Supercharger #6,1,0.55,6,22.0,-33.74522,150.61041,node/10861761260,Tesla,1
82,Jolt #24,1,0.55,2,22.0,-33.92054,151.19114,node/10863588015,Jolt,1
83,Chargefox #9,1,0.55,1,22.0,-33.87479,151.24631,node/10895054616,Chargefox,1
84,bp pulse #10,1,0.55,2,22.0,-33.91611,151.17291,node/10907235224,bp pulse,1
85,Jolt #25,1,0.55,1,22.0,-33.95633,151.22657,node/10919805054,Jolt,1
86,AmpCharge #3,1,0.55,2,22.0,-33.74300,150.69295,node/10924895189,AmpCharge,1
87,Jolt #26,1,0.55,1,22.0,-33.96103,151.23094,node/10937312713,Jolt,1
88,bp pulse #11,1,0.55,2,22.0,-33.98878,150.85931,node/10959087488,bp pulse,1
89,Jolt #27,1,0.55,1,22.0,-33.75053,151.06508,node/10971491088,Jolt,1
90,bp pulse #12,1,0.55,2,22.0,-33.76718,150.95181,node/10984470645,bp pulse,1
91,Evie Networks #14,1,0.55,4,22.0,-33.75131,151.24338,node/10992560808,Evie Networks,1
92,Evie Networks #15,1,0.55,2,22.0,-33.85210,150.99559,node/11004256023,Evie Networks,1
93,Evie Networks #16,1,0.55,2,22.0,-33.88851,151.23756,node/11016758544,Evie Networks,1
94,Engie,1,0.55,2,22.0,-33.85042,150.89839,node/11048936553,,1
95,AmpCharge #4,1,0.55,2,22.0,-33.90475,151.06460,node/11079299253,AmpCharge,1
96,Pittwater RSL,1,0.55,1,22.0,-33.67770,151.29335,node/11135601782,Pittwater RSL,1
97,Jolt #28,1,0.55,1,22.0,-33.68329,150.91652,node/11167384460,Jolt,1
98,Station 102,1,0.55,2,22.0,-33.90774,151.10387,node/11189565177,,1
99,Jolt #29,1,0.55,2,22.0,-33.73551,150.85133,node/11258008348,Jolt,1
100,AmpCharge #5,1,0.55,2,150.0,-33.76559,150.62181,node/11335189892,AmpCharge,1
101,Evie Networks #17,1,0.55,4,22.0,-34.02930,151.12209,node/11345075655,Evie Networks,1
102,Evie Networks #18,1,0.55,4,22.0,-33.77579,150.93300,node/11365136257,Evie Networks,1
103,bp pulse #13,1,0.55,1,22.0,-33.71275,150.95914,node/11365173050,bp pulse,1
104,Evie Networks #19,1,0.55,4,22.0,-33.72779,150.97616,node/11365214134,Evie Networks,1
105,Jolt #30,1,0.55,2,22.0,-33.70044,150.92817,node/11372241486,Jolt,1
106,Evie Networks #20,1,0.55,4,22.0,-34.07202,150.80517,node/11419885107,Evie Networks,1
107,AmpCharge #6,1,0.55,2,22.0,-33.95556,150.86511,node/11419886723,AmpCharge,1
108,Woolworths Charging,1,0.55,8,22.0,-33.79279,150.99951,node/11422466181,Chargefox,1
109,AmpCharge #7,1,0.55,2,22.0,-33.74553,150.74084,node/11425340896,AmpCharge,1
110,bp pulse #14,1,0.55,2,22.0,-33.74351,150.69222,node/11427578131,bp pulse,1
111,AmpCharge #8,1,0.55,2,22.0,-33.71615,150.84479,node/11440214108,AmpCharge,1
112,Exploren,1,0.55,1,22.0,-33.81409,151.17242,node/11447868870,Exploren,1
113,Jolt #31,1,0.55,1,22.0,-33.59706,151.32005,node/11679262104,Jolt,1
114,Jolt #32,1,0.55,3,22.0,-33.95800,150.88655,node/11689937303,Jolt,1
115,Evie Networks #21,1,0.55,4,22.0,-34.04181,150.73548,node/11695236309,Evie Networks,1
116,Chargefox #10,1,0.55,1,22.0,-33.88502,151.25334,node/11738297527,Chargefox,1
117,Exploren #2,1,0.55,1,22.0,-33.88448,151.23585,node/11815611441,Exploren,1
118,Chargefox #11,1,0.55,4,22.0,-34.07162,150.80587,node/11842761957,Chargefox,1
119,Engie #2,1,0.55,2,22.0,-33.85464,151.07722,node/11842876526,Chargefox,1
120,EVlink,1,0.55,1,22.0,-33.88848,151.25147,node/11845737187,EVlink,1
121,EVlink #2,1,0.55,1,22.0,-33.88451,151.23739,node/11853840472,EVlink,1
122,AmpCharge #9,1,0.55,2,22.0,-33.92960,150.95531,node/11957109508,AmpCharge,1
123,Evie Networks #22,1,0.55,4,22.0,-34.03091,150.84898,node/12015862929,Evie Networks,1
124,Exploren #3,1,0.55,1,22.0,-33.74179,151.21401,node/12128715250,Exploren,1
125,Chargefox #12,1,0.55,2,22.0,-33.62148,151.14937,node/12167440484,Chargefox,1
126,Exploren #4,1,0.55,1,22.0,-33.81468,151.17134,node/12167732651,Exploren,1
127,EVlink #3,1,0.55,1,22.0,-33.82464,151.19582,node/12202880553,EVlink,1
128,Chargefox #13,1,0.55,2,22.0,-33.88180,151.22829,node/12395564018,Chargefox,1
129,EVSE,1,0.55,4,22.0,-33.90793,151.13603,node/12401912951,EVSE,1
130,Plus ES,1,0.55,1,22.0,-33.90651,151.13796,node/12401912952,Plus ES,1
131,Plus ES #2,1,0.55,1,22.0,-33.90291,151.14183,node/12401940007,Plus ES,1
132,EVSE #2,1,0.55,2,22.0,-33.90136,151.13684,node/12401940008,EVSE,1
133,Plus ES #3,1,0.55,2,22.0,-33.90165,151.13931,node/12401940009;node/12401940011,Plus ES,2
134,Plus ES #4,1,0.55,1,22.0,-33.90302,151.13984,node/12401940010,Plus ES,1
135,EVSE #3,1,0.55,2,22.0,-33.90018,151.14001,node/12401940012,EVSE,1
136,Plus ES #6,1,0.55,1,22.0,-33.90244,151.14095,node/12407007682,Plus ES,1
137,NRMA #3,1,0.55,1,22.0,-33.93010,150.87550,node/12434721630,NRMA,1
138,Bankstown Supercharger,1,0.55,6,22.0,-33.93272,151.02846,node/12560173013,Tesla,1
139,Jolt Dee Why B-Line,1,0.55,1,22.0,-33.75234,151.28667,node/12565112258,Jolt,1
140,bp pulse #15,1,0.55,5,22.0,-34.07718,151.01135,node/12605963234,bp pulse,1
141,Shell Recharge Solutions,1,0.55,4,350.0,-34.04965,150.75997,node/12686156645,Shell Recharge Solutions,1
142,Exploren #5,1,0.55,2,22.0,-34.04400,150.73712,node/12757295582,Exploren,1
143,Seavolt,1,0.55,1,22.0,-33.65125,151.28942,node/12816207122,,1
144,Evie Networks #23,1,0.55,1,22.0,-33.82377,151.19512,node/12896497308,Evie Networks,1
145,Tesla Supercharger #7,1,0.55,8,22.0,-33.79323,151.26462,node/12968478808,Tesla,1
146,Exploren #6,1,0.55,2,120.0,-33.81079,151.03444,node/12990581486,Exploren,1
147,Evie Networks #24,1,0.55,2,22.0,-33.82737,151.23038,node/13012980190;node/13953454186,Evie Networks,2
148,AmpCharge #10,1,0.55,4,22.0,-34.03954,150.74317,node/13018467011,AmpCharge,1
149,Tesla Supercharger #8,1,0.55,4,22.0,-33.75861,150.99211,node/13020827820,Tesla,1
150,AmpCharge #11,1,0.55,2,22.0,-33.77439,150.94492,node/13036266779,AmpCharge,1
151,bp pulse #16,1,0.55,4,22.0,-33.76029,150.78170,node/13036287127;node/13346922346,bp pulse,2
152,AmpCharge #12,1,0.55,11,22.0,-33.80164,150.88782,node/13036304448;node/13613220880,AmpCharge,2
153,Station 158,1,0.55,1,22.0,-33.81454,151.10482,node/13040881589,,1
154,Chargefox #14,1,0.55,2,22.0,-33.87453,151.24216,node/13055800837,Chargefox,1
155,Evie Networks #25,1,0.55,4,22.0,-33.82458,151.19955,node/13059026685,Evie Networks,1
156,Evie Networks #26,1,0.55,4,150.0,-33.92296,151.16534,node/13064491791,Evie Networks,1
157,Evie Networks #27,1,0.55,4,22.0,-33.97584,150.81159,node/13064502527,Evie Networks,1
158,Chargefox #15,1,0.55,6,22.0,-33.96206,150.80632,node/13064517071,Chargefox,1
159,Chargefox #16,1,0.55,4,22.0,-33.71981,150.84257,node/13064521073,Chargefox,1
160,Chargefox #17,1,0.55,2,22.0,-33.93527,151.06929,node/13064595558,Chargefox,1
161,Evie Networks #28,1,0.55,2,22.0,-33.83264,151.12772,node/13073547942,Evie Networks,1
162,Exploren #7,1,0.55,2,22.0,-33.90543,151.19356,node/13073609605,Exploren,1
163,Alexandria Supercharger,1,0.55,6,22.0,-33.91287,151.19359,node/13073638889,Tesla,1
164,Exploren #8,1,0.55,2,22.0,-33.82098,151.12136,node/13073647400,Exploren,1
165,Exploren #9,1,0.55,1,22.0,-34.04937,150.75930,node/13076752054,Exploren,1
166,bp pulse #17,1,0.55,2,22.0,-33.82463,151.17268,node/13103099620,bp pulse,1
167,bp pulse #18,1,0.55,4,22.0,-34.03288,151.12486,node/13103102258,bp pulse,1
168,AmpCharge #13,1,0.55,2,22.0,-34.08425,150.80186,node/13125814415,AmpCharge,1
169,Exploren #10,1,0.55,4,22.0,-34.02031,150.76233,node/13135189454,Exploren,1
170,Jolt #33,1,0.55,1,22.0,-33.71372,151.29713,node/13139855775,Jolt,1
171,Station 176,1,0.55,1,22.0,-33.73109,151.30096,node/13139953507,,1
172,Station 177,1,0.55,1,22.0,-33.83112,151.24367,node/13149077271,,1
173,Waterloo Supercharger,1,0.55,8,22.0,-33.89773,151.21360,node/13167181353,Tesla,1
174,Evie Networks #29,1,0.55,6,22.0,-33.86399,151.08942,node/13168678393,Evie Networks,1
175,Evie Networks #30,1,0.55,2,22.0,-33.85443,151.10395,node/13168689959,Evie Networks,1
176,Exploren #11,1,0.55,2,22.0,-33.79672,151.20104,node/13185195201,Exploren,1
177,Evie Networks #31,1,0.55,4,22.0,-33.87951,150.97812,node/13185195202,Evie Networks,1
178,Evie Networks #32,1,0.55,5,22.0,-33.77992,150.81321,node/13205693685,Evie Networks,1
179,Evie Networks #33,1,0.55,4,22.0,-33.93807,151.23849,node/13206130158,Evie Networks,1
180,bp pulse #19,1,0.55,2,22.0,-33.91976,151.22702,node/13206142331,bp pulse,1
181,NRMA #4,1,0.55,8,22.0,-33.82729,151.20172,node/13206154674,NRMA,1
182,Evie Networks #34,1,0.55,2,22.0,-33.94305,151.23956,node/13206154678,Evie Networks,1
183,Evie Networks #35,1,0.55,4,22.0,-33.92673,151.23141,node/13206176474,Evie Networks,1
184,Exploren #12,1,0.55,4,22.0,-33.91907,151.08755,node/13235807509,Exploren,1
185,Station 190,1,0.55,1,22.0,-33.88507,151.23341,node/13240078058,,1
186,AGL,1,0.55,1,22.0,-33.80633,151.17574,node/13246607070,AGL,1
187,AmpCharge #14,1,0.55,4,22.0,-33.70597,150.91079,node/13246979353,AmpCharge,1
188,AmpCharge #15,1,0.55,6,150.0,-33.79129,151.13089,node/13250969266,AmpCharge,1
189,Station 194,1,0.55,2,22.0,-33.79342,151.18182,node/13271496162,,1
190,Chargefox #18,1,0.55,2,7.0,-33.79442,151.18017,node/13304382752,Chargefox,1
191,AmpCharge #16,1,0.55,6,22.0,-33.83406,150.98796,node/13309446883,AmpCharge,1
192,Station 197,1,0.55,1,22.0,-33.87586,151.23208,node/13323403968,,1
193,Station 198,1,0.55,1,22.0,-33.88588,151.25724,node/13329798300,,1
194,AmpCharge #17,1,0.55,4,22.0,-34.05232,151.12158,node/13360556776,AmpCharge,1
195,AmpCharge #18,1,0.55,11,22.0,-33.80235,150.88153,node/13371885230;node/13613244882,AmpCharge,2
196,Evie Networks #36,1,0.55,4,50.0,-33.88957,151.12338,node/13382573701,Evie Networks,1
197,Evie Networks #37,1,0.55,4,22.0,-33.82296,151.21088,node/13428255938,Evie Networks,1
198,EVX,1,0.55,2,22.0,-33.87496,151.10182,node/13441699802,EVX,1
199,EVX #2,1,0.55,2,22.0,-33.88951,151.14692,node/13477822501,EVX,1
200,Ocular,1,0.55,2,22.0,-33.81362,150.99846,node/13481161848;node/13481161849,,2
201,Station 208,1,0.55,4,22.0,-33.78755,150.85457,node/13530611083,,1
202,Evie Networks #38,1,0.55,2,75.0,-33.86867,151.11861,node/13586251301,Evie Networks,1
203,bp pulse #21,1,0.55,6,22.0,-33.71973,150.84487,node/13639603763,bp pulse,1
204,bp pulse #22,1,0.55,2,22.0,-33.89415,150.85798,node/13639648647,bp pulse,1
205,EVX #3,1,0.55,2,22.0,-33.88426,151.08138,node/13668077101,EVX,1
206,Eastlakes Supercharger,1,0.55,1,22.0,-33.92432,151.21149,node/13688532602,Tesla,1
207,Tesla Supercharger #9,1,0.55,1,22.0,-34.02712,151.11904,node/13722408351,Tesla,1
208,AGL #2,1,0.55,1,22.0,-33.90948,151.17787,node/13736523001,AGL,1
209,Exploren #13,1,0.55,2,150.0,-33.75807,150.69178,node/13774442635,Exploren,1
210,bp pulse #23,1,0.55,8,22.0,-33.89289,151.03892,node/13774450454,bp pulse,1
211,Evie Networks #39,1,0.55,4,22.0,-33.81609,150.96908,node/13804420298,Evie Networks,1
212,Chargefox #19,1,0.55,2,22.0,-33.69572,151.03152,node/13805070070,Chargefox,1
213,AmpCharge #21,1,0.55,2,22.0,-33.68301,151.02852,node/13805076026,AmpCharge,1
214,AmpCharge #22,1,0.55,8,22.0,-33.71359,150.97237,node/13805098738,AmpCharge,1
215,EVX #4,1,0.55,2,22.0,-33.87953,151.15650,node/13810069801,EVX,1
216,Chargefox #20,1,0.55,5,22.0,-33.88083,151.13165,node/13854720801,Chargefox,1
217,Chargefox #21,1,0.55,2,240.0,-33.70097,150.80534,node/13966472049,Chargefox,1
218,Station 229,1,0.55,4,22.0,-33.84356,151.21380,node/13972238798;node/13972238799,,2
219,Exploren #14,1,0.55,2,50.0,-33.90835,151.05785,node/14011529760,Exploren,1
220,NRMA #5,1,0.55,4,120.0,-34.02579,150.77808,node/14020908421,NRMA,1
221,Exploren #15,1,0.55,2,22.0,-33.89754,151.12321,node/14028035884,Exploren,1
222,EVlink #4,1,0.55,1,22.0,-33.73874,151.30422,node/14044903688,,1
223,Chargefox #22,1,0.55,4,22.0,-33.92260,151.16461,node/14067768887,Chargefox,1
224,EV charging,1,0.55,1,22.0,-33.88631,151.23806,node/14071459701,,1
225,Chargefox #23,1,0.55,1,22.0,-33.89154,151.13372,node/14074238901,Chargefox,1
226,EVX #5,1,0.55,2,22.0,-33.88706,151.12193,node/14091624304,EVX,1
227,Site 0-0,0,0.00,0,0.0,-34.04365,150.66955,,,1
228,Site 0-2,0,0.00,0,0.0,-34.04365,150.90610,,,1
229,Site 0-5,0,0.00,0,0.0,-34.04365,151.26092,,,1
230,Site 1-0,0,0.00,0,0.0,-33.96245,150.66955,,,1
231,Site 2-0,0,0.00,0,0.0,-33.88126,150.66955,,,1
232,Site 2-1,0,0.00,0,0.0,-33.88126,150.78782,,,1
233,Site 4-4,0,0.00,0,0.0,-33.71886,151.14264,,,1
234,Site 5-0,0,0.00,0,0.0,-33.63766,150.66955,,,1
235,Site 5-1,0,0.00,0,0.0,-33.63766,150.78782,,,1
236,Site 5-2,0,0.00,0,0.0,-33.63766,150.90610,,,1
237,Site 5-3,0,0.00,0,0.0,-33.63766,151.02437,,,1
